Domain,Superfamily
1lt1A00,1.20.5.420
4d9jB02,1.20.91.10
4ag2B02,2.40.10.10
3rhuB02,3.30.54.20
4d9jB03,1.10.10.180
3v1dB00,4.10.860.20
4cj1B00,2.40.50.40
2jwsA00,1.10.8.40
1ovvE00,1.20.5.420
1ovuB00,1.20.5.420
1ovrD00,1.20.5.420
1g6uA00,1.10.287.540
2mlbA00,3.10.20.90
3q9uA00,3.40.50.720
4d9jI02,1.20.91.10
3v1dE00,4.10.860.20
3mipA00,3.10.28.10
1ovrA00,1.20.5.420
4d9jA02,1.20.91.10
4d9jA03,1.10.10.180
4glaA00,1.10.530.10
2mn4A00,1.10.533.10
4gvvC00,3.40.220.10
4n6uA00,3.10.450.10
4d9jD01,3.40.50.1820
1ovvC00,1.20.5.420
3ru8H02,2.60.40.10
4d9jF01,3.40.50.1820
3tesA00,2.60.40.10
3v1dF00,4.10.860.20
4glvE00,1.10.530.10
4hrnD00,2.10.220.10
3rfnA02,3.30.54.20
1rgrA00,2.30.42.10
3pgfA01,3.40.190.10
4gn3C00,1.10.530.10
3misB00,3.10.28.10
4gn3O00,1.10.530.10
2xeeD00,1.25.40.20
3vdxB02,1.20.91.10
1ovvD00,1.20.5.420
3o4bA00,2.80.10.50
4lnyA00,3.20.20.70
4cj2A00,1.10.530.10
4d9jL03,1.10.10.180
3tdnB00,3.20.20.70
4gn3L00,2.40.50.140
4db9B00,1.25.10.10
1yyxA00,1.20.120.10
4dbaB00,1.25.10.10
3l35B00,1.20.5.170
4gczA04,3.30.565.10
4ijbA00,3.20.20.70
3v1fB00,4.10.860.20
2avpA00,1.25.40.10
3bx8F00,2.40.128.20
4kgrG00,3.10.20.10
4f2vB00,3.30.572.10
2lheA00,3.10.20.10
4ag1C00,2.30.30.40
4cj2D00,2.40.50.40
2qyjA00,1.25.40.20
4gn5D00,1.10.530.10
4afzA02,2.40.10.10
4glvD00,2.40.50.140
2gjfB00,3.30.70.340
4hrlC00,3.80.20.20
4ag2A02,2.40.10.10
3wwaA00,2.120.10.30
1ovrB00,1.20.5.420
4glvA00,1.10.530.10
4glvB00,2.40.50.140
3rfnA01,3.30.980.10
3v1cA00,4.10.860.20
2lhgA00,1.10.8.40
3r2xB00,3.90.20.10
4cj2B00,1.10.530.10
1u7mA00,1.20.5.420
4afsC00,2.30.30.40
2fo7A00,1.25.40.10
4gn3I00,1.10.530.10
4gvvA00,3.40.220.10
4atzE00,1.25.40.20
4o5tA00,2.120.10.30
3csgA02,3.40.190.10
3rhuA02,3.30.54.20
4dbaC00,1.25.10.10
4ozcA00,3.10.20.10
1mftA00,1.20.5.420
4lpuA00,2.60.40.10
2zggA00,1.25.40.20
1jm0C00,1.20.5.420
4kgrE00,3.10.20.10
1y47B00,1.20.5.420
4d8hA00,2.80.10.50
4gn3D00,2.40.50.140
2gjfA00,3.30.70.340
3csbA02,3.40.190.10
1lq7A00,1.20.1270.70
4db9D00,1.25.10.10
4cj0A02,1.50.10.10
3pgfH02,2.60.40.10
3kd7E00,1.25.40.10
1ovvA00,1.20.5.420
3v1dA00,4.10.860.20
4glaB00,1.10.530.10
4d9jC03,1.10.10.180
4d9jK01,3.40.50.1820
1na3A00,1.25.40.10
1jm0D00,1.20.5.420
4d9jG03,1.10.10.180
4atzB00,2.60.90.10
3r2xA02,3.90.209.20
4d9jB01,3.40.50.1820
3d5d300,3.30.1390.20
4db9A00,1.25.10.10
4gn3F00,2.40.50.140
1jm0F00,1.20.5.420
4jb8P00,1.25.40.20
3v1fA00,4.10.860.20
4hrnC00,2.10.220.10
4pq8A00,3.80.10.10
3o4cA00,2.80.10.50
1u7jB00,1.20.5.420
1ec5C00,1.20.5.420
4gpmA00,1.25.40.20
4ozbA00,3.10.20.10
3qhtD00,2.60.40.10
1jm0E00,1.20.5.420
4afuD00,2.30.30.40
4hrnA00,1.25.40.20
2l6bA00,1.25.40.20
3csgA03,2.60.40.10
4glvF00,2.40.50.140
4ag2C00,2.30.30.40
4cj0A01,2.60.40.10
1lt1G00,1.20.5.420
3o49A00,2.80.10.50
3bx8E00,2.40.128.20
4d9jJ01,3.40.50.1820
4d9jF02,1.20.91.10
3zu7A01,3.30.200.20
1y4cA03,1.20.120.660
2obgA01,3.40.190.10
4gn3P00,2.40.50.140
1ovrC00,1.20.5.420
4afzC00,2.30.30.40
4afuA02,2.40.10.10
4gvvD00,3.40.220.10
4d9jC01,3.40.50.1820
4d9jH02,1.20.91.10
3tesB00,2.60.40.10
3ri0B00,3.90.960.10
4gn5C00,1.10.530.10
4d9jA01,3.40.50.1820
1na0B00,1.25.40.10
4hb5B00,1.25.40.20
3q9nC00,1.25.40.20
3rijC00,3.90.960.10
4gn5B00,2.40.50.140
4d9jF03,1.10.10.180
4afqA01,2.40.10.10
1mj0A00,1.25.40.20
3p6jA00,2.80.10.50
1mftB00,1.20.5.420
2jabC00,1.25.40.20
2obgA03,2.60.40.10
4gn3A00,1.10.530.10
4f2vA00,3.30.572.10
1zszA00,2.30.30.220
3ww9A00,2.120.10.30
3zuvA02,1.10.510.10
3v1bA00,4.10.860.20
4drtA02,2.60.410.10
4cj1A01,2.60.40.10
4kgsB00,3.10.20.10
4kgrD00,3.10.20.10
4afsA01,2.40.10.10
4afuC00,2.30.30.40
1g6uB00,1.10.287.540
4ozaA00,3.10.20.10
3q9uC00,1.25.40.20
1na3B00,1.25.40.10
3qa9A00,3.40.50.720
4d9jC02,1.20.91.10
4etjA00,3.40.220.10
2lchA00,1.20.120.160
3r2xA01,2.10.77.10
4ag2A01,2.40.10.10
4dbaA00,1.25.10.10
4atzC00,2.60.90.10
4d9jI01,3.40.50.1820
4hqdB00,1.25.40.20
4d9jL02,1.20.91.10
1y47A00,1.20.5.420
4gvvB00,3.40.220.10
2jreA00,2.30.42.10
3o4dA00,2.80.10.50
4glvG00,1.10.530.10
4gczB01,3.30.450.20
4afzB02,2.40.10.10
3l35A00,1.20.5.170
3bx8H00,2.40.128.20
3ru8H01,2.60.40.10
4o5tB00,2.120.10.30
4hrmC00,3.80.20.20
4afzB01,2.40.10.10
3v45A00,3.40.220.10
4lptE00,2.60.40.10
1vjqA00,3.30.70.340
4afqC00,2.30.30.40
2juaA00,1.20.1480.30
4cj0B00,2.40.50.40
2xeeC00,1.25.40.20
4gn3H00,2.40.50.140
4glaC00,2.40.50.140
1jm0A00,1.20.5.420
4dbaD00,1.25.10.10
3pg0A00,2.80.10.50
3q7yA00,2.80.10.50
4db6A00,1.25.10.10
1jm0B00,1.20.5.420
3zuvB00,1.25.40.20
1lt1C00,1.20.5.420
1yyjA00,1.20.120.10
3cwoX00,3.20.20.70
4essA00,3.40.220.10
3u0sB00,2.120.10.30
3q9nD00,1.25.40.20
3zuvA01,3.30.200.20
3bx8C00,2.40.128.20
3p6iA00,2.80.10.50
1jmbB00,1.20.5.420
4jw3B00,2.60.40.230
4afuA01,2.40.10.10
4db8B00,1.25.10.10
1na0A00,1.25.40.10
3teuA00,2.60.40.10
4hrlA00,1.25.40.20
2hyzA00,1.25.40.10
4d9jD03,1.10.10.180
4d9jH03,1.10.10.180
4afzA01,2.40.10.10
4d9jI03,1.10.10.180
4gn3E00,1.10.530.10
3vdxC01,3.40.50.1820
4atzD00,1.25.40.20
1c3tA00,3.10.20.90
1lt1D00,1.20.5.420
4gn3M00,1.10.530.10
3pgfL02,2.60.40.10
4hrmD00,1.25.40.20
1zszC00,2.30.30.220
1zszB00,2.30.30.220
4kgrC00,3.10.20.10
3r2xC00,1.10.340.20
1y4cA01,3.40.190.10
3zuvD00,1.25.40.20
1lt1H00,1.20.5.420
4d9jE01,3.40.50.1820
4kgtB00,3.10.20.10
3bx8B00,2.40.128.20
4o5sB00,2.120.10.30
4ow4B00,2.80.10.50
4j8yA00,1.25.40.20
2wqhA00,1.25.40.10
4glvH00,2.40.50.140
4d9jH01,3.40.50.1820
3kd7C00,1.25.40.10
3l36A00,1.20.5.170
4o5sA00,2.120.10.30
3pgfH01,2.60.40.10
3v1bB00,4.10.860.20
3pgfL01,2.60.40.10
3tesD00,2.60.40.10
3v1eA00,4.10.860.20
4ow4A00,2.80.10.50
4gn3B00,2.40.50.140
3bx7C00,2.60.40.10
2xeeA00,1.25.40.20
2bkgA00,1.25.40.20
4afsA02,2.40.10.10
4gn3Q00,1.10.530.10
4afqD00,2.30.30.40
3l35C00,1.20.5.170
3zu7A02,1.10.510.10
2lhcA00,1.10.8.40
3v1aA00,4.10.860.20
1ovvB00,1.20.5.420
3vdxB01,3.40.50.1820
4afzD00,2.30.30.40
3ru8L01,2.60.40.10
4db8A00,1.25.10.10
2mraA00,3.30.1710.10
3qhtB00,3.10.20.90
1ec5B00,1.20.5.420
2mblA01,3.30.1710.10
4ag2D00,2.30.30.40
3qhtA00,3.10.20.90
4duiA00,1.25.40.20
2obgA02,3.40.190.10
4db9E00,1.25.10.10
3bx7A00,2.40.128.20
2otkE00,1.20.5.420
3kd7B00,1.25.40.10
4jb8A00,3.40.50.1460
3rhuA01,3.30.980.10
4gn3K00,1.10.530.10
3q7wA00,2.80.10.50
3rhuB01,3.30.980.10
2xenA00,1.25.40.20
3o4aC00,2.80.10.50
3vdxB03,1.10.10.180
4n6tA00,3.10.450.10
3vdxC02,1.20.91.10
3csbA01,3.40.190.10
3v1cB00,4.10.860.20
4kgrH00,3.10.20.10
4psjA00,3.80.10.10
2otkF00,1.20.5.420
4gn4B00,2.40.50.140
4gczB03,3.30.565.10
3mipB00,3.10.28.10
4gczA01,3.30.450.20
4loaA00,3.40.50.300
2xehA00,1.25.40.20
2i1cq00,3.30.1320.10
4kybB00,3.40.220.10
4ag1A02,2.40.10.10
4kybA00,3.40.220.10
4db9C00,1.25.10.10
3v1dD00,4.10.860.20
2bkgB00,1.25.40.20
4afuB02,2.40.10.10
4cj2C00,2.40.50.40
1ovuD00,1.20.5.420
1p68A00,1.20.1480.30
4j7wB00,1.25.40.20
2jabA00,1.25.40.20
3v1dG00,4.10.860.20
1qysA00,3.30.1710.10
3csbA03,2.60.40.10
4afqB02,2.40.10.10
2mbmA01,3.30.1710.10
4glvC00,1.10.530.10
4kgrA00,3.10.20.10
4hrmB00,1.25.40.20
3og3A00,3.20.20.70
4atzA00,2.60.90.10
4d9jG02,1.20.91.10
4kyvB00,3.40.50.1820
3v1eB00,4.10.860.20
4kgsA00,3.10.20.10
3v1dH00,4.10.860.20
2jvfA00,3.30.1710.10
4kyvA00,3.40.50.1820
2zgdA00,1.25.40.20
4gn5A00,2.40.50.140
4gmrB00,1.25.40.20
4db8C00,1.25.10.10
3bx8A00,2.40.128.20
4afqB01,2.40.10.10
4loaB00,3.40.50.300
1svxB02,3.40.190.10
4atzF00,1.25.40.20
3tesC00,2.60.40.10
3q7xA00,2.80.10.50
3zuvC02,1.10.510.10
1lt1E00,1.20.5.420
1y4cA02,3.40.190.10
2xehC00,1.25.40.20
3q9uD00,1.25.40.20
3q9nA00,3.40.50.720
2i5vO02,3.90.930.1
4jw3A00,2.60.40.230
4d9jE02,1.20.91.10
3zuvC01,3.30.200.20
4afqA02,2.40.10.10
3misA00,3.10.28.10
1jmbC00,1.20.5.420
4afuB01,2.40.10.10
3kd7D00,1.25.40.10
3rijB00,3.90.960.10
4gn3N00,2.40.50.140
4gpmB00,1.25.40.20
3ru8X00,3.20.20.40
3q9uB00,3.40.50.720
3bx8D00,2.40.128.20
4d9jK02,1.20.91.10
4ag2B01,2.40.10.10
3qhtC00,2.60.40.10
3vdxC03,1.10.10.180
1vjqB00,3.30.70.340
4hqdA00,1.25.40.20
3vdxA02,1.20.91.10
4gvwA00,3.40.220.10
4d9jG01,3.40.50.1820
3o4aD00,2.80.10.50
1u7jA00,1.20.5.420
4lt9A00,3.20.20.70
4d9jD02,1.20.91.10
4cj1A02,1.50.10.10
2jwuA00,3.10.20.10
4kgtA00,3.10.20.10
3l37A00,1.20.5.170
2kikB00,1.20.5.420
2xehB00,1.25.40.20
4db8D00,1.25.10.10
3rijD00,3.90.960.10
3kd7A00,1.25.40.10
1ovuA00,1.20.5.420
3o4aB00,2.80.10.50
4d9jK03,1.10.10.180
2jabB00,1.25.40.20
2xeeB00,1.25.40.20
3ri0A00,3.90.960.10
4d9jL01,3.40.50.1820
4gn4A00,1.10.530.10
3pgfA02,3.40.190.10
1lt1F00,1.20.5.420
4kgrF00,3.10.20.10
3vdxA03,1.10.10.180
1ywtA00,1.20.190.20
4gmrA00,1.25.40.20
4ozbB00,3.10.20.10
2lhdA00,3.10.20.10
3ru8L02,2.60.40.10
3u0sA00,2.120.10.30
1ovuC00,1.20.5.420
1svxB01,3.40.190.10
1jmbA00,1.20.5.420
4gn3J00,2.40.50.140
3bx8G00,2.40.128.20
4d9jJ03,1.10.10.180
4gn3R00,2.40.50.140
4hxtA00,1.25.10.10
4hrnB00,1.25.40.20
4gn3G00,1.10.530.10
4db9F00,1.25.10.10
3vdxA01,3.40.50.1820
4a29A00,3.20.20.70
3q9nB00,3.40.50.720
3rijA00,3.90.960.10
4hrmA00,3.80.20.20
3v1dC00,4.10.860.20
4j7wA00,1.25.40.20
1ovvF00,1.20.5.420
1u7mB00,1.20.5.420
2i5zO02,3.90.930.1
4glaD00,2.40.50.140
1ec5A00,1.20.5.420
1lt1B00,1.20.5.420
3o4aA00,2.80.10.50
4kgrB00,3.10.20.10
4d9jJ02,1.20.91.10
4hb5A00,1.25.40.20
4drtA01,3.40.710.10
2kikA00,1.20.5.420
1svxA00,1.25.40.20
4ag1A01,2.40.10.10
4d9jE03,1.10.10.180
3csgA01,3.40.190.10
1ywtB00,1.20.190.20
