1g6u,1.10.287.540
4cj2,1.10.530.10
4gn3,1.10.530.10
4gn4,1.10.530.10
4gla,1.10.530.10
4glv,1.10.530.10
2mn4,1.10.533.10
2lhc,1.10.8.40
2lhg,1.10.8.40
2jws,1.10.8.40
1yyx,1.20.120.10
1yyj,1.20.120.10
2lch,1.20.120.160
1lq7,1.20.1270.70
2jua,1.20.1480.30
1p68,1.20.1480.30
1ywt,1.20.190.20
3l37,1.20.5.170
3l35,1.20.5.170
3l36,1.20.5.170
1ovr,1.20.5.420
1ovu,1.20.5.420
1u7m,1.20.5.420
1jm0,1.20.5.420
1ec5,1.20.5.420
1y47,1.20.5.420
1ovv,1.20.5.420
1jmb,1.20.5.420
2kik,1.20.5.420
1lt1,1.20.5.420
1u7j,1.20.5.420
1mft,1.20.5.420
4db9,1.25.10.10
4db8,1.25.10.10
4dba,1.25.10.10
4db6,1.25.10.10
4hxt,1.25.10.10
2wqh,1.25.40.10
1na3,1.25.40.10
2fo7,1.25.40.10
3kd7,1.25.40.10
2avp,1.25.40.10
1na0,1.25.40.10
2hyz,1.25.40.10
4j7w,1.25.40.20
4j8y,1.25.40.20
4hrn,1.25.40.20
2bkg,1.25.40.20
2xee,1.25.40.20
1svx,1.25.40.20
4hrl,1.25.40.20
2zgg,1.25.40.20
2xen,1.25.40.20
2zgd,1.25.40.20
4hb5,1.25.40.20
2l6b,1.25.40.20
2qyj,1.25.40.20
2xeh,1.25.40.20
1mj0,1.25.40.20
2jab,1.25.40.20
4gpm,1.25.40.20
4gmr,1.25.40.20
4dui,1.25.40.20
4hqd,1.25.40.20
3r2x,2.10.77.10
3u0s,2.120.10.30
4o5s,2.120.10.30
4o5t,2.120.10.30
3ww9,2.120.10.30
3wwa,2.120.10.30
1zsz,2.30.30.220
1rgr,2.30.42.10
2jre,2.30.42.10
4ag1,2.40.10.10
4afz,2.40.10.10
4afu,2.40.10.10
4ag2,2.40.10.10
4afq,2.40.10.10
4afs,2.40.10.10
3bx8,2.40.128.20
3bx7,2.40.128.20
4gn5,2.40.50.140
3teu,2.60.40.10
4cj1,2.60.40.10
4lpu,2.60.40.10
4cj0,2.60.40.10
3tes,2.60.40.10
4jw3,2.60.40.230
4atz,2.60.90.10
3p6j,2.80.10.50
3p6i,2.80.10.50
3q7x,2.80.10.50
3q7y,2.80.10.50
3o4a,2.80.10.50
3o4b,2.80.10.50
3q7w,2.80.10.50
4ow4,2.80.10.50
3pg0,2.80.10.50
3o49,2.80.10.50
3o4c,2.80.10.50
4d8h,2.80.10.50
3o4d,2.80.10.50
4oza,3.10.20.10
2lhe,3.10.20.10
2jwu,3.10.20.10
4ozc,3.10.20.10
4kgt,3.10.20.10
4kgr,3.10.20.10
2lhd,3.10.20.10
4kgs,3.10.20.10
4ozb,3.10.20.10
1c3t,3.10.20.90
2mlb,3.10.20.90
3qht,3.10.20.90
3mis,3.10.28.10
3mip,3.10.28.10
4n6u,3.10.450.10
4n6t,3.10.450.10
3og3,3.20.20.70
4a29,3.20.20.70
4lt9,3.20.20.70
4lny,3.20.20.70
4ijb,3.20.20.70
1qys,3.30.1710.10
2mbm,3.30.1710.10
2mbl,3.30.1710.10
2jvf,3.30.1710.10
2mra,3.30.1710.10
3zu7,3.30.200.20
3zuv,3.30.200.20
4gcz,3.30.450.20
4f2v,3.30.572.10
1vjq,3.30.70.340
2gjf,3.30.70.340
3rhu,3.30.980.10
3rfn,3.30.980.10
2obg,3.40.190.10
1y4c,3.40.190.10
3csb,3.40.190.10
3pgf,3.40.190.10
3csg,3.40.190.10
4gvv,3.40.220.10
4kyb,3.40.220.10
4ess,3.40.220.10
4etj,3.40.220.10
4gvw,3.40.220.10
3v45,3.40.220.10
4jb8,3.40.50.1460
4kyv,3.40.50.1820
3vdx,3.40.50.1820
4d9j,3.40.50.1820
4loa,3.40.50.300
3qa9,3.40.50.720
3q9u,3.40.50.720
3q9n,3.40.50.720
4drt,3.40.710.10
4psj,3.80.10.10
4pq8,3.80.10.10
4hrm,3.80.20.20
3ri0,3.90.960.10
3rij,3.90.960.10
3v1c,4.10.860.20
3v1d,4.10.860.20
3v1e,4.10.860.20
3v1f,4.10.860.20
3v1b,4.10.860.20
3v1a,4.10.860.20
